"","column1","column2","estimate","n","p.value"
"1","crimeRate","BarrierCount",0.400883793830872,215,"0.00000000104953246"
"2","ucr1_4_Rate","BarrierCount",0.440509676933289,215,"0.00000000001279821"
"3","ucr1_8_Rate","BarrierCount",0.417314618825912,215,"0.00000000018095192"
"4","propRate","BarrierCount",0.398360759019852,215,"0.00000000136329348"
"5","per_pov","BarrierCount",0.251385658979416,215,"0.00019567289212530"
"6","per_blk","BarrierCount",0.233852386474609,215,"0.00054618679198914"
